publishedAtDate,title,stars
2025-03-25 19:14:54.352,COLEGIO SUBIRE,1
2025-03-06 14:15:45.457,COLEGIO SUBIRE,1
2025-02-23 16:03:56.787,COLEGIO SUBIRE,5
2025-01-30 15:44:51.209,COLEGIO SUBIRE,5
2025-01-28 13:38:32.315,COLEGIO SUBIRE,5
2025-01-24 19:59:49.113,COLEGIO SUBIRE,3
2024-11-19 22:54:31.304,COLEGIO SUBIRE,5
2024-11-07 05:44:25.952,COLEGIO SUBIRE,1
2024-10-29 19:20:36.734,COLEGIO SUBIRE,5
2024-10-06 16:53:42.815,COLEGIO SUBIRE,5
2024-09-26 04:26:50.242,COLEGIO SUBIRE,1
2024-08-25 21:53:51.646,COLEGIO SUBIRE,1
2024-08-16 00:40:57.725,COLEGIO SUBIRE,1
2024-07-05 18:38:48.366,COLEGIO SUBIRE,5
2024-06-30 14:35:07.562,COLEGIO SUBIRE,5
2024-06-29 05:17:32.073,COLEGIO SUBIRE,1
2024-06-21 00:26:57.990,COLEGIO SUBIRE,3
2024-06-18 13:52:36.303,COLEGIO SUBIRE,5
2024-06-16 02:49:28.737,COLEGIO SUBIRE,5
2024-05-17 18:41:19.417,COLEGIO SUBIRE,1
2025-03-22 11:12:33.205,Instituto de Ciencias,5
2025-02-13 13:32:39.375,Instituto de Ciencias,5
2025-02-10 22:16:59.411,Instituto de Ciencias,5
2024-10-13 04:41:15.784,Instituto de Ciencias,4
2024-10-11 00:00:34.926,Instituto de Ciencias,5
2024-09-04 20:28:25.554,Instituto de Ciencias,1
2024-08-31 02:43:16.807,Instituto de Ciencias,5
2024-06-30 23:04:14.432,Instituto de Ciencias,5
2024-06-30 15:58:29.653,Instituto de Ciencias,4
2024-05-20 19:39:42.029,Instituto de Ciencias,5
2024-04-06 00:31:21.093,Instituto de Ciencias,5
2024-03-25 03:41:05.560,Instituto de Ciencias,4
2024-03-05 14:21:43.699,Instituto de Ciencias,1
2024-02-26 12:33:56.918,Instituto de Ciencias,5
2024-01-13 07:54:52.058,Instituto de Ciencias,1
2023-12-02 17:24:28.523,Instituto de Ciencias,5
2023-11-15 09:18:27.438,Instituto de Ciencias,5
2023-11-03 00:15:34.840,Instituto de Ciencias,5
2023-09-08 04:04:11.630,Instituto de Ciencias,5
2023-09-07 16:14:31.118,Instituto de Ciencias,5
2024-05-08 02:18:52.844,COLEGIO SUBIRE,5
2024-04-23 21:39:01.011,COLEGIO SUBIRE,1
2024-04-16 00:38:12.998,COLEGIO SUBIRE,1
2024-03-11 12:40:06.300,COLEGIO SUBIRE,5
2024-03-08 00:49:54.289,COLEGIO SUBIRE,5
2024-02-19 16:57:06.114,COLEGIO SUBIRE,5
2024-02-17 18:16:02.776,COLEGIO SUBIRE,5
2023-11-08 01:55:30.787,COLEGIO SUBIRE,5
2023-10-08 20:40:21.869,COLEGIO SUBIRE,1
2023-08-31 19:38:28.053,COLEGIO SUBIRE,5
2023-08-25 18:29:54.462,COLEGIO SUBIRE,1
2023-08-17 02:50:22.428,COLEGIO SUBIRE,5
2023-07-30 23:08:39.500,COLEGIO SUBIRE,1
2023-06-08 22:36:12.158,COLEGIO SUBIRE,5
2023-04-25 20:08:34.686,COLEGIO SUBIRE,5
2023-04-21 23:49:16.798,COLEGIO SUBIRE,5
2023-02-20 21:54:31.062,COLEGIO SUBIRE,1
2022-12-19 01:52:28.652,COLEGIO SUBIRE,5
2022-11-19 15:38:28.989,COLEGIO SUBIRE,5
2022-11-14 12:36:52.617,COLEGIO SUBIRE,5
2023-09-04 12:55:45.585,Instituto de Ciencias,5
2023-08-11 16:16:37.596,Instituto de Ciencias,1
2023-07-04 02:56:18.508,Instituto de Ciencias,5
2023-06-30 19:02:15.254,Instituto de Ciencias,5
2023-06-21 17:07:19.274,Instituto de Ciencias,1
2023-06-04 17:40:09.782,Instituto de Ciencias,4
2023-05-30 17:28:06.203,Instituto de Ciencias,5
2023-04-22 03:52:54.773,Instituto de Ciencias,1
2023-04-21 14:49:14.401,Instituto de Ciencias,5
2023-03-30 21:11:28.007,Instituto de Ciencias,1
2023-03-28 19:57:51.653,Instituto de Ciencias,1
2023-03-13 22:14:50.291,Instituto de Ciencias,1
2023-02-23 00:10:26.181,Instituto de Ciencias,1
2023-02-13 19:39:09.578,Instituto de Ciencias,5
2023-02-09 13:21:06.439,Instituto de Ciencias,3
2023-02-08 22:26:12.511,Instituto de Ciencias,5
2023-02-02 19:02:16.388,Instituto de Ciencias,5
2023-01-27 20:52:08.329,Instituto de Ciencias,5
2023-01-20 18:37:24.383,Instituto de Ciencias,1
2022-10-22 16:02:02.731,Instituto de Ciencias,4
2022-11-04 05:17:08.960,COLEGIO SUBIRE,4
2022-10-10 13:23:45.412,COLEGIO SUBIRE,5
2022-10-01 15:05:59.306,COLEGIO SUBIRE,5
2022-08-03 16:51:29.750,COLEGIO SUBIRE,5
2022-05-23 02:37:03.102,COLEGIO SUBIRE,2
2022-05-10 12:25:42.448,COLEGIO SUBIRE,4
2022-04-23 22:23:29.170,COLEGIO SUBIRE,1
2022-04-08 20:53:34.979,COLEGIO SUBIRE,1
2022-04-05 00:59:46.219,COLEGIO SUBIRE,1
2022-03-24 17:06:48.235,COLEGIO SUBIRE,5
2022-03-16 05:14:32.808,COLEGIO SUBIRE,1
2022-03-01 20:14:35.944,COLEGIO SUBIRE,1
2021-11-06 13:57:06.245,COLEGIO SUBIRE,1
2020-10-31 04:06:01.866,COLEGIO SUBIRE,1
2020-06-10 03:55:16.909,COLEGIO SUBIRE,1
2020-05-25 16:35:46.131,COLEGIO SUBIRE,1
2020-04-11 06:22:40.256,COLEGIO SUBIRE,4
2020-03-17 22:26:43.522,COLEGIO SUBIRE,5
2020-02-24 23:22:42.868,COLEGIO SUBIRE,5
2020-01-16 00:22:52.696,COLEGIO SUBIRE,5
2022-10-02 05:37:46.226,Instituto de Ciencias,5
2022-10-01 18:54:16.282,Instituto de Ciencias,5
2022-09-05 03:03:55.846,Instituto de Ciencias,4
2022-08-29 18:16:42.044,Instituto de Ciencias,5
2022-08-11 18:15:49.167,Instituto de Ciencias,5
2022-07-01 01:32:12.125,Instituto de Ciencias,5
2022-06-09 17:39:52.417,Instituto de Ciencias,5
2022-05-15 15:41:23.157,Instituto de Ciencias,5
2022-04-09 17:36:22.480,Instituto de Ciencias,1
2021-12-10 22:15:49.774,Instituto de Ciencias,5
2021-11-14 21:57:09.959,Instituto de Ciencias,3
2021-10-11 01:12:03.128,Instituto de Ciencias,5
2021-09-09 07:37:17.809,Instituto de Ciencias,5
2021-06-18 13:37:58.562,Instituto de Ciencias,5
2021-06-07 01:38:59.155,Instituto de Ciencias,5
2021-05-22 21:50:37.005,Instituto de Ciencias,5
2021-05-04 22:54:08.415,Instituto de Ciencias,5
2021-04-02 22:07:14.427,Instituto de Ciencias,5
2021-01-12 16:52:24.989,Instituto de Ciencias,5
2020-12-21 16:46:32.160,Instituto de Ciencias,5
2019-11-14 00:47:48.310,COLEGIO SUBIRE,5
2019-11-05 00:49:45.963,COLEGIO SUBIRE,3
2019-10-01 04:09:52.692,COLEGIO SUBIRE,5
2019-09-24 13:30:27.230,COLEGIO SUBIRE,1
2019-08-18 19:57:49.175,COLEGIO SUBIRE,5
2019-08-14 22:17:16.746,COLEGIO SUBIRE,5
2019-07-27 09:33:58.041,COLEGIO SUBIRE,4
2019-06-17 21:25:50.122,COLEGIO SUBIRE,5
2018-11-05 14:23:42.234,COLEGIO SUBIRE,2
2018-10-03 18:35:31.005,COLEGIO SUBIRE,1
2018-06-11 19:44:48.884,COLEGIO SUBIRE,1
2018-04-23 00:06:18.465,COLEGIO SUBIRE,5
2018-04-19 22:44:36.139,COLEGIO SUBIRE,5
2018-02-02 03:58:51.274,COLEGIO SUBIRE,5
2018-01-10 21:39:04.385,COLEGIO SUBIRE,5
2017-10-11 13:14:38.416,COLEGIO SUBIRE,4
2017-10-06 00:54:03.319,COLEGIO SUBIRE,5
2017-09-02 14:47:12.505,COLEGIO SUBIRE,5
2017-02-17 02:46:32.511,COLEGIO SUBIRE,1
2017-01-03 19:59:38.685,COLEGIO SUBIRE,1
2020-12-17 14:37:57.801,Instituto de Ciencias,4
2020-12-03 18:39:23.406,Instituto de Ciencias,5
2020-09-20 22:24:08.698,Instituto de Ciencias,1
2020-09-01 01:18:31.217,Instituto de Ciencias,5
2020-06-23 23:29:48.287,Instituto de Ciencias,5
2020-06-12 03:46:14.310,Instituto de Ciencias,5
2020-03-19 23:33:34.014,Instituto de Ciencias,5
2020-03-15 01:28:10.400,Instituto de Ciencias,5
2020-02-24 23:09:39.809,Instituto de Ciencias,5
2020-02-09 23:00:07.330,Instituto de Ciencias,5
2020-02-06 03:07:59.691,Instituto de Ciencias,5
2019-12-20 19:45:03.764,Instituto de Ciencias,5
2019-12-05 11:21:07.127,Instituto de Ciencias,5
2019-11-21 22:04:20.110,Instituto de Ciencias,5
2019-10-11 12:53:54.391,Instituto de Ciencias,5
2019-10-03 03:49:21.621,Instituto de Ciencias,5
2019-09-29 20:50:45.719,Instituto de Ciencias,4
2019-08-26 23:55:54.006,Instituto de Ciencias,5
2019-08-08 03:52:12.182,Instituto de Ciencias,5
2019-06-14 12:10:22.542,Instituto de Ciencias,5
2016-08-15 22:52:57.922,COLEGIO SUBIRE,5
2016-07-18 18:49:00.938,COLEGIO SUBIRE,5
2016-06-04 04:59:08.229,COLEGIO SUBIRE,5
2016-05-15 19:00:09.596,COLEGIO SUBIRE,5
2016-04-12 21:25:52.298,COLEGIO SUBIRE,1
2016-03-26 00:02:36.657,COLEGIO SUBIRE,1
2016-02-20 07:39:48.362,COLEGIO SUBIRE,4
2016-01-16 14:41:57.916,COLEGIO SUBIRE,5
2015-12-17 22:59:00.356,COLEGIO SUBIRE,5
2015-11-17 15:22:38.195,COLEGIO SUBIRE,5
2015-03-11 23:05:03.741,COLEGIO SUBIRE,1
2019-05-31 21:48:54.375,Instituto de Ciencias,5
2019-05-22 13:15:36.524,Instituto de Ciencias,5
2019-03-22 03:52:11.635,Instituto de Ciencias,5
2019-02-26 20:06:21.652,Instituto de Ciencias,1
2019-02-26 12:12:15.310,Instituto de Ciencias,5
2019-01-25 20:36:35.678,Instituto de Ciencias,5
2018-12-12 18:56:18.891,Instituto de Ciencias,1
2018-11-29 12:24:55.584,Instituto de Ciencias,4
2018-11-20 19:51:33.335,Instituto de Ciencias,1
2018-11-02 00:08:09.467,Instituto de Ciencias,5
2018-08-13 17:31:21.911,Instituto de Ciencias,5
2018-07-25 20:23:29.328,Instituto de Ciencias,5
2018-07-21 00:55:45.646,Instituto de Ciencias,5
2018-05-24 20:54:12.062,Instituto de Ciencias,5
2018-04-29 06:05:04.069,Instituto de Ciencias,5
2018-04-16 20:27:29.141,Instituto de Ciencias,5
2018-03-10 18:31:30.668,Instituto de Ciencias,5
2018-02-28 21:28:51.674,Instituto de Ciencias,4
2018-02-26 22:51:08.634,Instituto de Ciencias,5
2018-02-10 18:36:57.477,Instituto de Ciencias,5
2018-02-09 20:07:34.950,Instituto de Ciencias,5
2018-01-21 17:37:00.757,Instituto de Ciencias,5
2018-01-15 20:22:50.050,Instituto de Ciencias,5
2018-01-07 11:16:02.009,Instituto de Ciencias,5
2017-11-14 06:25:22.888,Instituto de Ciencias,5
2017-11-06 17:15:09.803,Instituto de Ciencias,5
2017-11-02 00:43:37.916,Instituto de Ciencias,5
2017-06-07 14:34:06.659,Instituto de Ciencias,5
2017-06-07 12:56:26.210,Instituto de Ciencias,5
2017-06-05 00:20:54.222,Instituto de Ciencias,5
2017-05-29 14:15:36.150,Instituto de Ciencias,5
2017-05-23 02:14:01.187,Instituto de Ciencias,5
2017-05-08 22:27:09.208,Instituto de Ciencias,5
2017-04-17 19:11:08.837,Instituto de Ciencias,5
2017-02-07 21:18:47.683,Instituto de Ciencias,5
2017-02-03 22:42:43.138,Instituto de Ciencias,5
2016-12-14 03:47:22.040,Instituto de Ciencias,5
2016-12-07 20:41:20.313,Instituto de Ciencias,5
2016-10-25 22:07:28.829,Instituto de Ciencias,5
2016-10-12 21:54:56.498,Instituto de Ciencias,5
2024-11-27 18:16:13.949,Colegio Alemán de Guadalajara,2
2024-10-19 20:58:45.186,Colegio Alemán de Guadalajara,5
2024-08-29 23:42:18.066,Colegio Alemán de Guadalajara,5
2024-07-08 16:38:38.753,Colegio Alemán de Guadalajara,5
2024-06-08 23:18:20.157,Colegio Alemán de Guadalajara,5
2024-03-11 17:34:40.011,Colegio Alemán de Guadalajara,4
2024-02-14 15:18:41.376,Colegio Alemán de Guadalajara,4
2024-02-14 02:28:36.053,Colegio Alemán de Guadalajara,5
2023-07-21 00:50:26.258,Colegio Alemán de Guadalajara,5
2023-05-25 23:25:21.334,Colegio Alemán de Guadalajara,1
2023-03-04 21:13:10.212,Colegio Alemán de Guadalajara,5
2023-02-25 03:02:59.049,Colegio Alemán de Guadalajara,5
2022-12-10 22:59:20.147,Colegio Alemán de Guadalajara,5
2022-11-29 20:43:34.962,Colegio Alemán de Guadalajara,5
2022-08-22 16:48:52.781,Colegio Alemán de Guadalajara,5
2022-08-18 15:20:32.845,Colegio Alemán de Guadalajara,5
2022-06-29 14:59:17.322,Colegio Alemán de Guadalajara,5
2022-06-22 23:19:23.476,Colegio Alemán de Guadalajara,5
2022-03-18 22:30:05.049,Colegio Alemán de Guadalajara,1
2021-10-15 07:19:46.846,Colegio Alemán de Guadalajara,5
2016-10-05 21:34:13.017,Instituto de Ciencias,5
2016-08-10 14:05:19.143,Instituto de Ciencias,5
2016-07-12 16:28:33.629,Instituto de Ciencias,4
2016-06-07 13:18:52.244,Instituto de Ciencias,5
2016-06-06 20:10:07.499,Instituto de Ciencias,3
2016-04-15 14:57:19.800,Instituto de Ciencias,5
2016-01-27 12:03:05.771,Instituto de Ciencias,5
2015-11-17 00:35:41.317,Instituto de Ciencias,5
2015-10-23 10:37:40.071,Instituto de Ciencias,5
2015-10-05 04:02:21.011,Instituto de Ciencias,4
2015-08-24 01:47:27.539,Instituto de Ciencias,4
2015-04-23 18:23:02.410,Instituto de Ciencias,4
2015-03-22 05:04:03.517,Instituto de Ciencias,4
2015-02-15 03:55:50.978,Instituto de Ciencias,5
2015-01-06 03:28:23.160,Instituto de Ciencias,5
2014-11-03 14:40:32.192,Instituto de Ciencias,5
2014-10-21 00:58:14.857,Instituto de Ciencias,5
2014-09-23 02:17:49.007,Instituto de Ciencias,5
2014-07-03 02:49:15.188,Instituto de Ciencias,5
2014-05-26 02:30:08.095,Instituto de Ciencias,5
2025-02-25 01:51:17.193,Prepa TEC,5
2024-08-27 20:37:22.979,Prepa TEC,5
2024-01-27 02:47:56.938,Prepa TEC,5
2023-10-09 14:17:53.906,Prepa TEC,5
2023-09-04 13:44:03.871,Prepa TEC,1
2023-07-10 14:13:48.323,Prepa TEC,5
2023-04-17 16:20:26.571,Prepa TEC,5
2023-03-08 17:27:42.671,Prepa TEC,5
2023-01-20 18:05:43.875,Prepa TEC,5
2023-01-09 12:12:01.274,Prepa TEC,5
2022-09-08 11:58:07.281,Prepa TEC,5
2022-04-24 16:33:56.712,Prepa TEC,1
2022-04-04 12:09:25.099,Prepa TEC,5
2022-03-24 22:20:34.060,Prepa TEC,5
2020-02-10 19:46:19.207,Prepa TEC,3
2019-09-25 19:38:45.307,Prepa TEC,1
2019-04-04 06:45:13.615,Prepa TEC,1
2019-02-20 15:42:00.249,Prepa TEC,1
2018-11-16 15:44:42.910,Prepa TEC,1
2018-10-01 19:38:43.556,Prepa TEC,1
2021-04-18 01:05:20.556,Colegio Alemán de Guadalajara,5
2020-03-18 01:49:34.360,Colegio Alemán de Guadalajara,5
2019-11-29 22:43:38.301,Colegio Alemán de Guadalajara,5
2019-11-25 22:07:22.677,Colegio Alemán de Guadalajara,5
2019-11-07 21:28:30.495,Colegio Alemán de Guadalajara,5
2019-10-25 01:25:41.789,Colegio Alemán de Guadalajara,5
2019-06-06 03:13:20.052,Colegio Alemán de Guadalajara,5
2019-04-06 23:14:18.294,Colegio Alemán de Guadalajara,5
2019-03-21 23:15:36.882,Colegio Alemán de Guadalajara,5
2019-02-25 05:39:56.681,Colegio Alemán de Guadalajara,5
2018-07-23 23:08:51.865,Colegio Alemán de Guadalajara,5
2018-06-30 00:20:03.629,Colegio Alemán de Guadalajara,5
2018-05-19 01:41:26.383,Colegio Alemán de Guadalajara,5
2018-02-15 13:33:27.283,Colegio Alemán de Guadalajara,5
2017-10-26 13:25:04.661,Colegio Alemán de Guadalajara,5
2017-10-22 22:05:49.593,Colegio Alemán de Guadalajara,5
2017-09-11 02:18:35.487,Colegio Alemán de Guadalajara,5
2017-09-01 02:47:35.007,Colegio Alemán de Guadalajara,1
2017-05-05 01:24:33.004,Colegio Alemán de Guadalajara,5
2017-03-19 21:25:46.520,Colegio Alemán de Guadalajara,5
2014-03-29 01:27:36.003,Instituto de Ciencias,5
2013-10-22 17:46:53.424,Instituto de Ciencias,5
2013-08-25 21:42:46.624,Instituto de Ciencias,5
2013-07-17 16:55:34.003,Instituto de Ciencias,5
2012-12-24 03:19:51.878,Instituto de Ciencias,5
2017-02-12 14:27:01.158,Colegio Alemán de Guadalajara,3
2017-01-10 16:43:32.390,Colegio Alemán de Guadalajara,4
2016-12-30 21:47:55.480,Colegio Alemán de Guadalajara,5
2016-11-29 16:14:53.945,Colegio Alemán de Guadalajara,5
2016-10-18 17:01:36.574,Colegio Alemán de Guadalajara,5
2016-09-18 20:36:35.158,Colegio Alemán de Guadalajara,5
2016-09-11 14:58:22.996,Colegio Alemán de Guadalajara,5
2016-09-09 21:50:50.521,Colegio Alemán de Guadalajara,5
2016-05-31 20:55:27.567,Colegio Alemán de Guadalajara,5
2016-04-27 19:46:10.174,Colegio Alemán de Guadalajara,5
2015-10-24 02:06:48.065,Colegio Alemán de Guadalajara,3
2014-12-19 20:47:31.090,Colegio Alemán de Guadalajara,5
2014-11-07 04:37:07.978,Colegio Alemán de Guadalajara,5
2014-04-01 21:13:30.576,Colegio Alemán de Guadalajara,5
2018-03-22 06:01:57.016,Prepa TEC,5
2018-03-19 13:47:05.331,Prepa TEC,3
2017-11-18 16:33:18.045,Prepa TEC,5
2017-10-30 22:28:14.813,Prepa TEC,5
2017-09-23 18:03:09.973,Prepa TEC,5
2017-08-08 20:24:12.532,Prepa TEC,5
2017-06-30 06:18:40.231,Prepa TEC,5
2017-03-09 21:41:27.715,Prepa TEC,5
2017-02-19 19:26:57.337,Prepa TEC,3
2016-12-27 23:02:38.316,Prepa TEC,5
2016-12-25 16:09:46.741,Prepa TEC,3
2016-12-05 17:16:25.502,Prepa TEC,5
2016-10-13 02:51:51.181,Prepa TEC,5
2016-04-09 19:20:35.828,Prepa TEC,3
2016-03-30 12:57:48.336,Prepa TEC,4
2016-01-21 18:06:41.107,Prepa TEC,5
2015-10-05 01:47:19.379,Prepa TEC,5
2025-01-25 16:52:36.368,"The American School Foundation of Guadalajara, A.C.",5
2025-01-25 12:32:36.503,"The American School Foundation of Guadalajara, A.C.",5
2024-10-15 11:47:23.849,"The American School Foundation of Guadalajara, A.C.",4
2024-09-18 06:16:40.972,"The American School Foundation of Guadalajara, A.C.",5
2024-08-09 17:25:04.550,"The American School Foundation of Guadalajara, A.C.",5
2024-05-06 22:03:36.820,"The American School Foundation of Guadalajara, A.C.",5
2024-04-20 22:32:45.001,"The American School Foundation of Guadalajara, A.C.",5
2024-02-05 19:20:42.494,"The American School Foundation of Guadalajara, A.C.",5
2023-10-10 14:07:13.002,"The American School Foundation of Guadalajara, A.C.",5
2023-08-14 00:55:58.209,"The American School Foundation of Guadalajara, A.C.",3
2023-05-08 04:42:12.135,"The American School Foundation of Guadalajara, A.C.",1
2023-05-07 15:32:38.748,"The American School Foundation of Guadalajara, A.C.",1
2023-04-27 02:51:40.041,"The American School Foundation of Guadalajara, A.C.",5
2023-03-16 16:21:20.195,"The American School Foundation of Guadalajara, A.C.",5
2023-03-11 20:36:20.827,"The American School Foundation of Guadalajara, A.C.",4
2023-02-27 19:35:20.084,"The American School Foundation of Guadalajara, A.C.",1
2023-02-08 16:37:26.995,"The American School Foundation of Guadalajara, A.C.",1
2023-01-31 19:51:15.666,"The American School Foundation of Guadalajara, A.C.",5
2022-10-22 21:49:15.802,"The American School Foundation of Guadalajara, A.C.",5
2022-10-15 21:30:54.923,"The American School Foundation of Guadalajara, A.C.",5
2022-09-28 23:06:39.960,"The American School Foundation of Guadalajara, A.C.",5
2022-09-09 22:53:26.307,"The American School Foundation of Guadalajara, A.C.",5
2022-08-08 20:50:26.253,"The American School Foundation of Guadalajara, A.C.",5
2022-06-14 06:02:58.439,"The American School Foundation of Guadalajara, A.C.",1
2022-05-30 13:52:38.937,"The American School Foundation of Guadalajara, A.C.",5
2021-10-29 01:32:22.477,"The American School Foundation of Guadalajara, A.C.",5
2021-04-13 15:14:18.321,"The American School Foundation of Guadalajara, A.C.",5
2021-02-21 02:57:55.267,"The American School Foundation of Guadalajara, A.C.",5
2020-10-28 01:23:47.561,"The American School Foundation of Guadalajara, A.C.",1
2020-10-16 06:50:42.821,"The American School Foundation of Guadalajara, A.C.",5
2020-08-28 04:14:43.715,"The American School Foundation of Guadalajara, A.C.",1
2020-08-25 02:49:21.379,"The American School Foundation of Guadalajara, A.C.",5
2020-03-08 17:53:00.043,"The American School Foundation of Guadalajara, A.C.",5
2020-02-26 18:28:25.357,"The American School Foundation of Guadalajara, A.C.",5
2020-01-13 15:49:17.052,"The American School Foundation of Guadalajara, A.C.",5
2020-01-11 00:06:31.814,"The American School Foundation of Guadalajara, A.C.",5
2019-12-04 20:37:57.925,"The American School Foundation of Guadalajara, A.C.",5
2019-12-01 01:40:38.878,"The American School Foundation of Guadalajara, A.C.",5
2019-10-16 01:16:42.683,"The American School Foundation of Guadalajara, A.C.",5
2019-08-30 19:55:30.401,"The American School Foundation of Guadalajara, A.C.",5
2025-03-26 17:15:49.269,ONCE MEXICO COLLEGE,5
2025-03-23 04:35:44.408,ONCE MEXICO COLLEGE,5
2025-03-09 20:23:22.253,ONCE MEXICO COLLEGE,5
2024-12-08 17:17:20.662,ONCE MEXICO COLLEGE,5
2024-10-11 04:01:13.192,ONCE MEXICO COLLEGE,5
2024-10-06 22:37:46.722,ONCE MEXICO COLLEGE,5
2024-08-29 13:33:57.396,ONCE MEXICO COLLEGE,1
2024-08-26 19:55:57.288,ONCE MEXICO COLLEGE,5
2024-08-20 21:27:50.222,ONCE MEXICO COLLEGE,5
2024-08-13 22:55:42.727,ONCE MEXICO COLLEGE,5
2024-07-07 22:04:40.943,ONCE MEXICO COLLEGE,5
2024-04-25 03:09:44.947,ONCE MEXICO COLLEGE,5
2024-04-12 20:32:08.804,ONCE MEXICO COLLEGE,5
2024-03-06 19:20:42.360,ONCE MEXICO COLLEGE,5
2024-02-29 03:51:14.350,ONCE MEXICO COLLEGE,5
2024-01-22 22:10:09.204,ONCE MEXICO COLLEGE,1
2024-01-22 18:01:40.105,ONCE MEXICO COLLEGE,5
2023-11-11 14:11:19.434,ONCE MEXICO COLLEGE,4
2023-10-22 16:53:36.472,ONCE MEXICO COLLEGE,4
2023-09-15 23:18:52.705,ONCE MEXICO COLLEGE,5
2025-02-23 00:19:53.592,Summit School,5
2025-02-22 21:18:51.697,Summit School,5
2025-02-22 17:58:41.241,Summit School,5
2025-02-22 17:21:15.852,Summit School,5
2025-02-22 17:16:56.295,Summit School,5
2025-02-22 17:01:48.458,Summit School,5
2025-02-22 17:01:24.324,Summit School,5
2025-02-22 17:00:29.295,Summit School,5
2025-02-22 16:55:32.391,Summit School,5
2025-02-22 16:55:19.066,Summit School,5
2025-02-22 16:54:40.336,Summit School,5
2025-02-22 16:46:05.509,Summit School,5
2025-02-22 16:43:02.297,Summit School,5
2025-02-22 16:42:43.029,Summit School,5
2025-02-13 03:21:43.087,Summit School,5
2024-07-04 06:17:41.402,Summit School,5
2024-04-22 03:49:48.789,Summit School,4
2024-04-01 06:12:31.919,Summit School,1
2024-02-22 07:23:51.667,Summit School,5
2024-02-11 17:23:41.506,Summit School,5
2023-08-27 21:42:15.613,ONCE MEXICO COLLEGE,5
2023-02-03 04:19:21.295,ONCE MEXICO COLLEGE,3
2022-10-30 14:24:10.431,ONCE MEXICO COLLEGE,5
2022-09-18 14:39:44.918,ONCE MEXICO COLLEGE,1
2022-07-15 23:04:08.115,ONCE MEXICO COLLEGE,1
2022-06-24 00:06:29.736,ONCE MEXICO COLLEGE,5
2022-05-26 18:50:30.152,ONCE MEXICO COLLEGE,5
2022-03-23 16:19:26.319,ONCE MEXICO COLLEGE,5
2021-12-03 22:38:09.663,ONCE MEXICO COLLEGE,5
2021-07-07 23:06:22.060,ONCE MEXICO COLLEGE,4
2020-11-06 16:08:59.368,ONCE MEXICO COLLEGE,5
2019-12-08 22:31:03.775,ONCE MEXICO COLLEGE,5
2018-08-17 06:22:04.419,ONCE MEXICO COLLEGE,5
2018-06-30 15:45:55.326,ONCE MEXICO COLLEGE,1
2018-06-04 23:10:59.122,ONCE MEXICO COLLEGE,1
2018-05-31 22:02:47.455,ONCE MEXICO COLLEGE,1
2018-05-21 21:00:11.209,ONCE MEXICO COLLEGE,1
2017-11-23 04:06:56.597,ONCE MEXICO COLLEGE,5
2017-11-06 21:05:06.623,ONCE MEXICO COLLEGE,5
2017-10-07 21:51:13.846,ONCE MEXICO COLLEGE,5
2017-03-23 18:32:04.653,ONCE MEXICO COLLEGE,1
2017-02-08 19:26:08.293,ONCE MEXICO COLLEGE,5
2016-10-17 23:37:39.363,ONCE MEXICO COLLEGE,4
2016-08-31 21:58:02.498,ONCE MEXICO COLLEGE,5
2016-06-14 01:12:13.330,ONCE MEXICO COLLEGE,5
2015-03-13 08:42:49.351,ONCE MEXICO COLLEGE,4
2019-06-09 23:21:27.096,"The American School Foundation of Guadalajara, A.C.",5
2019-06-07 17:32:57.702,"The American School Foundation of Guadalajara, A.C.",5
2019-03-14 05:40:17.765,"The American School Foundation of Guadalajara, A.C.",5
2019-03-06 04:22:05.889,"The American School Foundation of Guadalajara, A.C.",5
2019-03-04 15:05:24.640,"The American School Foundation of Guadalajara, A.C.",1
2019-02-07 04:12:20.195,"The American School Foundation of Guadalajara, A.C.",5
2018-12-17 19:32:06.278,"The American School Foundation of Guadalajara, A.C.",5
2018-06-04 17:58:42.165,"The American School Foundation of Guadalajara, A.C.",5
2018-04-20 12:11:51.309,"The American School Foundation of Guadalajara, A.C.",5
2018-03-11 15:05:04.716,"The American School Foundation of Guadalajara, A.C.",5
2018-03-03 19:27:42.350,"The American School Foundation of Guadalajara, A.C.",5
2018-02-19 16:45:21.891,"The American School Foundation of Guadalajara, A.C.",1
2018-02-17 02:36:31.739,"The American School Foundation of Guadalajara, A.C.",5
2018-01-19 22:09:13.393,"The American School Foundation of Guadalajara, A.C.",5
2018-01-10 02:06:42.070,"The American School Foundation of Guadalajara, A.C.",5
2018-01-05 16:08:07.742,"The American School Foundation of Guadalajara, A.C.",1
2017-12-19 20:52:44.216,"The American School Foundation of Guadalajara, A.C.",4
2017-11-14 19:49:59.163,"The American School Foundation of Guadalajara, A.C.",4
2017-10-08 02:42:06.244,"The American School Foundation of Guadalajara, A.C.",5
2017-06-17 01:56:50.467,"The American School Foundation of Guadalajara, A.C.",5
2024-02-10 05:30:26.189,Summit School,5
2023-12-30 02:02:47.733,Summit School,1
2023-12-03 17:59:19.649,Summit School,5
2023-11-25 13:07:50.257,Summit School,4
2023-10-08 00:28:49.358,Summit School,5
2023-10-04 03:19:34.675,Summit School,1
2023-09-10 17:53:18.198,Summit School,5
2023-06-20 03:09:40.227,Summit School,5
2023-03-29 19:29:56.402,Summit School,5
2023-03-29 14:32:11.324,Summit School,5
2023-02-23 20:24:35.370,Summit School,1
2023-01-18 23:44:50.667,Summit School,5
2022-10-29 03:03:53.850,Summit School,5
2022-04-26 00:31:55.871,Summit School,5
2021-11-08 19:20:20.868,Summit School,5
2021-08-30 16:20:49.569,Summit School,5
2021-08-16 19:16:02.335,Summit School,5
2021-08-03 18:47:26.849,Summit School,1
2021-06-24 01:20:02.501,Summit School,5
2021-06-24 01:18:11.185,Summit School,5
2017-04-25 02:15:08.605,"The American School Foundation of Guadalajara, A.C.",5
2017-02-17 16:22:44.596,"The American School Foundation of Guadalajara, A.C.",2
2017-02-02 18:20:59.267,"The American School Foundation of Guadalajara, A.C.",3
2016-12-06 03:38:25.094,"The American School Foundation of Guadalajara, A.C.",5
2016-09-21 04:44:57.861,"The American School Foundation of Guadalajara, A.C.",4
2016-08-04 16:36:43.682,"The American School Foundation of Guadalajara, A.C.",1
2016-07-14 18:02:06.676,"The American School Foundation of Guadalajara, A.C.",5
2016-06-16 01:54:56.914,"The American School Foundation of Guadalajara, A.C.",1
2016-06-04 05:39:27.562,"The American School Foundation of Guadalajara, A.C.",1
2016-05-11 21:13:45.239,"The American School Foundation of Guadalajara, A.C.",5
2016-04-19 13:56:54.662,"The American School Foundation of Guadalajara, A.C.",4
2016-04-11 16:39:48.755,"The American School Foundation of Guadalajara, A.C.",4
2016-04-04 19:11:34.034,"The American School Foundation of Guadalajara, A.C.",5
2016-03-07 04:31:02.187,"The American School Foundation of Guadalajara, A.C.",5
2016-02-04 02:54:13.130,"The American School Foundation of Guadalajara, A.C.",5
2016-02-03 17:40:32.616,"The American School Foundation of Guadalajara, A.C.",5
2015-12-19 06:15:08.400,"The American School Foundation of Guadalajara, A.C.",4
2015-12-17 23:00:48.568,"The American School Foundation of Guadalajara, A.C.",5
2015-10-16 21:28:27.782,"The American School Foundation of Guadalajara, A.C.",1
2015-09-28 03:44:51.756,"The American School Foundation of Guadalajara, A.C.",4
2021-06-23 23:04:38.828,Summit School,5
2021-06-23 19:47:30.650,Summit School,5
2021-06-23 18:34:49.288,Summit School,5
2021-06-23 15:00:53.185,Summit School,1
2021-06-23 13:10:21.862,Summit School,1
2021-06-23 03:26:21.817,Summit School,1
2021-06-23 02:03:40.908,Summit School,1
2021-06-22 23:01:18.396,Summit School,1
2021-06-22 20:45:43.242,Summit School,1
2021-06-22 20:37:50.888,Summit School,1
2021-06-22 20:01:31.792,Summit School,1
2021-06-22 19:19:07.058,Summit School,1
2020-11-25 01:59:59.609,Summit School,5
2020-11-12 14:48:49.226,Summit School,5
2020-07-30 07:19:37.047,Summit School,5
2019-12-06 17:05:22.389,Summit School,5
2019-09-18 15:30:38.874,Summit School,5
2018-09-26 04:58:50.758,Summit School,5
2017-12-10 05:03:35.005,Summit School,5
2017-10-02 12:18:11.821,Summit School,4
2015-04-18 16:58:15.031,"The American School Foundation of Guadalajara, A.C.",5
2014-09-09 01:08:37.900,"The American School Foundation of Guadalajara, A.C.",5
2013-07-04 12:59:12.145,"The American School Foundation of Guadalajara, A.C.",5
2025-02-15 00:33:44.138,Instituto Thomas Jefferson - Campus Valle Real • ITJ,5
2025-02-09 18:21:17.969,Instituto Thomas Jefferson - Campus Valle Real • ITJ,5
2025-01-15 14:31:20.953,Instituto Thomas Jefferson - Campus Valle Real • ITJ,1
2024-09-17 21:56:14.200,Instituto Thomas Jefferson - Campus Valle Real • ITJ,5
2024-08-23 17:38:49.474,Instituto Thomas Jefferson - Campus Valle Real • ITJ,1
2024-07-10 14:29:12.624,Instituto Thomas Jefferson - Campus Valle Real • ITJ,4
2024-03-14 20:12:44.444,Instituto Thomas Jefferson - Campus Valle Real • ITJ,1
2024-03-12 20:56:48.776,Instituto Thomas Jefferson - Campus Valle Real • ITJ,1
2024-03-11 21:51:39.607,Instituto Thomas Jefferson - Campus Valle Real • ITJ,5
2024-02-29 15:13:41.873,Instituto Thomas Jefferson - Campus Valle Real • ITJ,5
2024-02-01 01:25:37.965,Instituto Thomas Jefferson - Campus Valle Real • ITJ,5
2023-12-27 20:08:21.948,Instituto Thomas Jefferson - Campus Valle Real • ITJ,5
2023-10-22 19:32:56.366,Instituto Thomas Jefferson - Campus Valle Real • ITJ,1
2023-09-01 03:47:15.396,Instituto Thomas Jefferson - Campus Valle Real • ITJ,4
2023-08-28 15:56:40.669,Instituto Thomas Jefferson - Campus Valle Real • ITJ,1
2023-08-12 17:40:23.145,Instituto Thomas Jefferson - Campus Valle Real • ITJ,2
2023-06-28 16:14:32.922,Instituto Thomas Jefferson - Campus Valle Real • ITJ,1
2023-03-25 02:14:31.597,Instituto Thomas Jefferson - Campus Valle Real • ITJ,4
2023-02-25 16:57:11.177,Instituto Thomas Jefferson - Campus Valle Real • ITJ,5
2023-01-30 19:18:38.894,Instituto Thomas Jefferson - Campus Valle Real • ITJ,5
2017-07-04 12:55:20.941,Summit School,5
2017-03-22 17:49:52.850,Summit School,5
2017-01-17 17:46:11.703,Summit School,5
2016-10-01 19:37:09.404,Summit School,4
2016-07-19 16:37:36.918,Summit School,5
2016-04-20 00:38:33.295,Summit School,5
2016-01-22 13:41:04.333,Summit School,4
2015-09-17 01:20:27.049,Summit School,5
2015-06-14 08:06:30.105,Summit School,5
2014-10-25 20:05:58.693,Summit School,5
2022-10-28 18:44:44.589,Instituto Thomas Jefferson - Campus Valle Real • ITJ,5
2022-10-07 19:16:28.852,Instituto Thomas Jefferson - Campus Valle Real • ITJ,4
2022-10-07 00:43:00.047,Instituto Thomas Jefferson - Campus Valle Real • ITJ,5
2022-06-25 04:07:36.166,Instituto Thomas Jefferson - Campus Valle Real • ITJ,1
2022-05-04 00:42:25.313,Instituto Thomas Jefferson - Campus Valle Real • ITJ,1
2021-05-27 18:02:12.909,Instituto Thomas Jefferson - Campus Valle Real • ITJ,5
2021-04-29 23:44:41.440,Instituto Thomas Jefferson - Campus Valle Real • ITJ,5
2021-04-11 23:33:17.500,Instituto Thomas Jefferson - Campus Valle Real • ITJ,1
2020-07-23 03:03:54.293,Instituto Thomas Jefferson - Campus Valle Real • ITJ,3
2020-03-04 02:09:15.388,Instituto Thomas Jefferson - Campus Valle Real • ITJ,1
2020-01-28 19:23:11.918,Instituto Thomas Jefferson - Campus Valle Real • ITJ,5
2019-05-09 20:57:23.400,Instituto Thomas Jefferson - Campus Valle Real • ITJ,5
2019-02-07 23:03:59.779,Instituto Thomas Jefferson - Campus Valle Real • ITJ,5
2019-02-05 01:52:57.602,Instituto Thomas Jefferson - Campus Valle Real • ITJ,5
2018-11-27 16:01:14.611,Instituto Thomas Jefferson - Campus Valle Real • ITJ,5
2018-11-23 18:33:05.426,Instituto Thomas Jefferson - Campus Valle Real • ITJ,5
2018-06-13 02:33:30.315,Instituto Thomas Jefferson - Campus Valle Real • ITJ,5
2018-05-24 10:53:14.905,Instituto Thomas Jefferson - Campus Valle Real • ITJ,5
2018-05-24 03:25:18.368,Instituto Thomas Jefferson - Campus Valle Real • ITJ,5
2018-02-14 21:57:18.067,Instituto Thomas Jefferson - Campus Valle Real • ITJ,5
2025-02-23 20:18:47.105,Colegio Finlandés Campus Zapopan,1
2024-08-19 05:33:21.581,Colegio Finlandés Campus Zapopan,1
2024-06-06 13:38:01.966,Colegio Finlandés Campus Zapopan,5
2024-04-21 23:13:40.849,Colegio Finlandés Campus Zapopan,5
2024-04-14 01:50:10.691,Colegio Finlandés Campus Zapopan,5
2024-02-29 19:30:18.924,Colegio Finlandés Campus Zapopan,1
2024-01-24 14:22:11.402,Colegio Finlandés Campus Zapopan,5
2024-01-10 21:36:19.679,Colegio Finlandés Campus Zapopan,1
2023-11-03 21:09:54.231,Colegio Finlandés Campus Zapopan,5
2023-10-05 22:54:36.320,Colegio Finlandés Campus Zapopan,5
2023-09-08 00:49:04.730,Colegio Finlandés Campus Zapopan,5
2023-08-31 19:47:54.158,Colegio Finlandés Campus Zapopan,5
2023-08-27 23:04:04.942,Colegio Finlandés Campus Zapopan,1
2023-06-09 22:01:58.679,Colegio Finlandés Campus Zapopan,1
2023-06-07 16:09:14.890,Colegio Finlandés Campus Zapopan,4
2023-05-17 14:59:15.762,Colegio Finlandés Campus Zapopan,5
2023-04-19 15:19:47.813,Colegio Finlandés Campus Zapopan,5
2023-03-30 21:07:04.643,Colegio Finlandés Campus Zapopan,3
2023-03-08 03:53:55.414,Colegio Finlandés Campus Zapopan,5
2023-02-27 01:51:06.049,Colegio Finlandés Campus Zapopan,4
2025-01-26 05:01:56.156,Colegio Franco Mexicano,5
2025-01-18 14:32:29.544,Colegio Franco Mexicano,1
2024-11-02 16:24:34.376,Colegio Franco Mexicano,5
2024-10-21 16:30:55.638,Colegio Franco Mexicano,5
2024-04-27 23:48:44.933,Colegio Franco Mexicano,5
2024-04-23 03:13:17.301,Colegio Franco Mexicano,5
2024-02-26 13:40:05.428,Colegio Franco Mexicano,5
2024-01-31 00:20:47.731,Colegio Franco Mexicano,5
2024-01-02 06:30:49.146,Colegio Franco Mexicano,3
2023-12-20 13:44:07.122,Colegio Franco Mexicano,5
2023-12-13 19:33:25.256,Colegio Franco Mexicano,1
2023-05-24 22:21:43.800,Colegio Franco Mexicano,1
2023-01-19 04:10:33.465,Colegio Franco Mexicano,5
2022-09-08 04:46:23.898,Colegio Franco Mexicano,1
2022-07-12 08:39:23.796,Colegio Franco Mexicano,4
2022-04-27 19:07:07.596,Colegio Franco Mexicano,1
2022-03-31 22:39:06.832,Colegio Franco Mexicano,5
2022-03-24 03:05:19.331,Colegio Franco Mexicano,5
2022-03-24 03:02:58.829,Colegio Franco Mexicano,5
2022-03-08 04:21:51.021,Colegio Franco Mexicano,5
2017-08-31 14:43:22.843,Instituto Thomas Jefferson - Campus Valle Real • ITJ,5
2016-11-11 11:12:04.270,Instituto Thomas Jefferson - Campus Valle Real • ITJ,5
2016-10-18 20:17:26.601,Instituto Thomas Jefferson - Campus Valle Real • ITJ,4
2016-10-11 02:28:05.633,Instituto Thomas Jefferson - Campus Valle Real • ITJ,5
2016-01-14 01:05:29.573,Instituto Thomas Jefferson - Campus Valle Real • ITJ,4
2015-12-04 07:20:07.570,Instituto Thomas Jefferson - Campus Valle Real • ITJ,5
2014-11-21 14:50:29.361,Instituto Thomas Jefferson - Campus Valle Real • ITJ,1
2022-12-11 05:46:10.337,Colegio Finlandés Campus Zapopan,5
2022-11-17 23:14:26.215,Colegio Finlandés Campus Zapopan,5
2022-11-03 20:16:40.674,Colegio Finlandés Campus Zapopan,5
2022-09-09 21:43:28.100,Colegio Finlandés Campus Zapopan,5
2022-06-30 12:50:10.900,Colegio Finlandés Campus Zapopan,5
2022-06-29 19:07:27.041,Colegio Finlandés Campus Zapopan,5
2022-04-01 16:41:01.823,Colegio Finlandés Campus Zapopan,4
2022-03-30 17:19:35.528,Colegio Finlandés Campus Zapopan,5
2022-03-29 15:21:30.304,Colegio Finlandés Campus Zapopan,5
2022-03-09 01:51:11.706,Colegio Finlandés Campus Zapopan,5
2021-09-13 23:03:07.139,Colegio Finlandés Campus Zapopan,1
2021-08-24 01:00:36.784,Colegio Finlandés Campus Zapopan,3
2020-11-15 23:15:55.354,Colegio Finlandés Campus Zapopan,1
2019-08-13 04:46:40.308,Colegio Finlandés Campus Zapopan,5
2018-08-14 08:06:51.704,Colegio Finlandés Campus Zapopan,4
2018-05-12 13:51:19.733,Colegio Finlandés Campus Zapopan,5
2018-04-04 02:03:06.385,Colegio Finlandés Campus Zapopan,5
2018-03-12 23:30:12.344,Colegio Finlandés Campus Zapopan,1
2017-09-21 19:46:08.711,Colegio Finlandés Campus Zapopan,5
2017-06-23 18:03:21.566,Colegio Finlandés Campus Zapopan,5
2022-03-01 19:52:26.430,Colegio Franco Mexicano,5
2021-03-05 16:47:54.734,Colegio Franco Mexicano,1
2020-08-21 18:01:19.621,Colegio Franco Mexicano,5
2020-07-06 15:44:10.342,Colegio Franco Mexicano,5
2020-06-30 01:59:23.727,Colegio Franco Mexicano,5
2020-06-29 15:20:02.337,Colegio Franco Mexicano,1
2020-02-19 16:18:10.967,Colegio Franco Mexicano,5
2020-02-16 16:45:54.776,Colegio Franco Mexicano,4
2019-10-01 21:01:14.231,Colegio Franco Mexicano,1
2019-08-19 04:40:43.650,Colegio Franco Mexicano,3
2019-08-10 21:51:40.300,Colegio Franco Mexicano,1
2019-05-17 01:02:33.708,Colegio Franco Mexicano,1
2018-12-21 01:07:27.508,Colegio Franco Mexicano,5
2018-11-27 00:43:28.055,Colegio Franco Mexicano,5
2018-10-15 02:29:46.321,Colegio Franco Mexicano,5
2018-07-10 12:56:41.653,Colegio Franco Mexicano,5
2018-03-24 01:24:41.105,Colegio Franco Mexicano,3
2017-11-01 19:15:35.317,Colegio Franco Mexicano,5
2017-09-15 03:41:14.550,Colegio Franco Mexicano,5
2017-03-23 17:39:59.210,Colegio Franco Mexicano,5
2017-02-24 16:08:21.159,Colegio Franco Mexicano,5
2017-02-22 22:47:22.763,Colegio Franco Mexicano,5
2017-01-11 17:59:24.574,Colegio Franco Mexicano,5
2016-12-24 09:20:40.805,Colegio Franco Mexicano,5
2016-11-09 14:34:37.777,Colegio Franco Mexicano,5
2016-11-03 23:27:13.634,Colegio Franco Mexicano,5
2016-10-26 14:50:07.456,Colegio Franco Mexicano,5
2016-08-19 00:38:49.690,Colegio Franco Mexicano,5
2016-04-18 13:43:36.340,Colegio Franco Mexicano,1
2016-01-21 00:53:37.894,Colegio Franco Mexicano,4
2015-08-07 02:07:44.297,Colegio Franco Mexicano,5
2025-03-05 17:06:16.216,IT Campus Guadalajara,5
2025-03-04 18:30:03.657,IT Campus Guadalajara,5
2025-03-04 04:38:18.496,IT Campus Guadalajara,5
2025-02-25 14:23:47.240,IT Campus Guadalajara,5
2025-02-14 01:56:06.133,IT Campus Guadalajara,1
2025-01-06 16:37:24.831,IT Campus Guadalajara,1
2024-11-26 14:09:45.600,IT Campus Guadalajara,4
2024-10-18 14:13:38.110,IT Campus Guadalajara,2
2024-09-12 13:24:53.016,IT Campus Guadalajara,5
2024-08-08 17:08:29.964,IT Campus Guadalajara,5
2024-08-01 17:28:39.164,IT Campus Guadalajara,5
2024-07-30 20:45:54.074,IT Campus Guadalajara,1
2024-06-28 23:38:33.136,IT Campus Guadalajara,5
2024-06-28 23:35:09.957,IT Campus Guadalajara,5
2024-06-28 23:21:43.666,IT Campus Guadalajara,5
2024-06-28 23:21:17.615,IT Campus Guadalajara,5
2024-06-25 14:07:41.600,IT Campus Guadalajara,1
2024-06-18 23:47:39.612,IT Campus Guadalajara,1
2024-06-18 11:21:28.448,IT Campus Guadalajara,5
2024-05-29 21:34:48.194,IT Campus Guadalajara,5
2024-05-28 23:36:09.847,IT Campus Guadalajara,1
2024-05-25 22:18:22.790,IT Campus Guadalajara,1
2024-05-25 20:41:06.772,IT Campus Guadalajara,1
2024-05-25 20:35:01.894,IT Campus Guadalajara,1
2024-05-16 04:57:37.035,IT Campus Guadalajara,5
2024-04-23 19:32:42.416,IT Campus Guadalajara,5
2024-04-16 13:38:28.778,IT Campus Guadalajara,5
2024-04-14 04:00:05.798,IT Campus Guadalajara,5
2024-02-27 20:38:09.806,IT Campus Guadalajara,1
2024-01-27 15:35:59.356,IT Campus Guadalajara,5
2023-10-28 16:19:23.870,IT Campus Guadalajara,4
2023-10-19 19:03:34.791,IT Campus Guadalajara,5
2023-09-18 13:17:26.746,IT Campus Guadalajara,5
2023-08-08 04:31:12.287,IT Campus Guadalajara,5
2023-05-25 19:58:25.416,IT Campus Guadalajara,5
2023-04-18 21:11:06.402,IT Campus Guadalajara,5
2023-01-24 16:57:56.807,IT Campus Guadalajara,5
2023-01-24 16:57:22.244,IT Campus Guadalajara,5
2023-01-24 16:56:05.909,IT Campus Guadalajara,5
2023-01-17 20:32:17.426,IT Campus Guadalajara,4
2017-05-02 21:53:22.727,Colegio Finlandés Campus Zapopan,3
2017-02-28 15:49:31.660,Colegio Finlandés Campus Zapopan,5
2023-01-09 20:23:06.616,IT Campus Guadalajara,1
2022-09-26 23:26:21.564,IT Campus Guadalajara,4
2022-09-21 03:57:04.359,IT Campus Guadalajara,5
2022-06-10 18:59:23.773,IT Campus Guadalajara,5
2022-05-09 12:48:43.806,IT Campus Guadalajara,5
2022-03-31 21:09:26.765,IT Campus Guadalajara,1
2021-08-20 23:28:19.418,IT Campus Guadalajara,5
2021-07-03 02:14:34.207,IT Campus Guadalajara,5
2021-05-28 02:46:42.144,IT Campus Guadalajara,5
2020-08-20 03:00:50.549,IT Campus Guadalajara,5
2020-07-21 18:36:29.537,IT Campus Guadalajara,5
2020-03-17 20:33:27.975,IT Campus Guadalajara,5
2020-03-08 18:50:06.457,IT Campus Guadalajara,4
2020-02-29 15:13:18.856,IT Campus Guadalajara,5
2020-02-29 15:08:28.655,IT Campus Guadalajara,4
2020-02-18 05:35:44.433,IT Campus Guadalajara,5
2020-02-08 22:22:31.626,IT Campus Guadalajara,5
2019-09-27 03:30:45.089,IT Campus Guadalajara,5
2019-05-04 19:30:59.903,IT Campus Guadalajara,5
2019-04-02 14:40:32.893,IT Campus Guadalajara,5
2019-02-23 14:47:40.507,IT Campus Guadalajara,5
2019-01-08 14:44:14.960,IT Campus Guadalajara,5
2018-07-21 20:44:05.419,IT Campus Guadalajara,5
2018-05-16 20:51:34.437,IT Campus Guadalajara,5
2018-01-09 12:10:22.390,IT Campus Guadalajara,5
2017-11-30 06:54:59.294,IT Campus Guadalajara,5
2017-10-31 20:27:06.445,IT Campus Guadalajara,5
2017-08-24 11:08:15.143,IT Campus Guadalajara,5
2017-08-22 12:38:10.243,IT Campus Guadalajara,5
2017-05-19 01:46:21.613,IT Campus Guadalajara,5
2017-03-25 00:17:35.591,IT Campus Guadalajara,1
2017-03-22 15:06:59.163,IT Campus Guadalajara,5
2017-03-18 15:40:06.541,IT Campus Guadalajara,5
2017-03-01 05:28:04.040,IT Campus Guadalajara,5
2017-01-10 19:14:38.605,IT Campus Guadalajara,5
2016-11-09 00:33:43.006,IT Campus Guadalajara,5
2016-09-26 22:23:21.552,IT Campus Guadalajara,5
2016-09-25 12:58:56.357,IT Campus Guadalajara,5
2016-08-25 19:14:22.390,IT Campus Guadalajara,5
2016-06-07 12:16:19.713,IT Campus Guadalajara,5
2016-04-26 03:32:04.636,IT Campus Guadalajara,5
2015-11-24 19:28:33.023,IT Campus Guadalajara,5
2015-07-04 23:12:20.760,IT Campus Guadalajara,1
2015-07-04 14:12:17.883,IT Campus Guadalajara,4
